company	industry	website
BIDV	Banking	https://bidv.com.vn/
VietinBank	Banking	https://www.vietinbank.vn/
Agribank	Banking	https://www.agribank.com.vn/
Sacombank	Banking	https://www.sacombank.com.vn/
HDBank	Banking	https://hdbank.com.vn/
TPBank	Banking	https://tpb.vn/
VIB	Banking	https://www.vib.com.vn/
SHB	Banking	https://www.shb.com.vn/
MSB	Banking	https://www.msb.com.vn/
SeABank	Banking	https://www.seabank.com.vn/
Eximbank	Banking	https://eximbank.com.vn/
LPBank	Banking	https://lpbank.com.vn/
OCB	Banking	https://www.ocb.com.vn/
Nam A Bank	Banking	https://www.namabank.com.vn/
Bac A Bank	Banking	https://www.baca-bank.vn/
BVBank	Banking	https://www.bvbank.net.vn/
NCB	Banking	https://www.ncb-bank.vn/
ABBank	Banking	https://abbank.vn/
VietABank	Banking	https://vietabank.com.vn/
KienlongBank	Banking	https://kienlongbank.com/
Saigonbank	Banking	https://www.saigonbank.com.vn/
PGBank	Banking	https://www.pgbank.com.vn/
Shinhan Bank Vietnam	Banking	https://shinhan.com.vn/
Woori Bank Vietnam	Banking	https://woori.com.vn/
UOB Vietnam	Banking	https://www.uob.com.vn/
Standard Chartered Vietnam	Banking	https://www.sc.com/vn/
Public Bank Vietnam	Banking	https://publicbank.com.vn/
Hong Leong Bank Vietnam	Banking	https://www.hlbank.com.vn/
CIMB Vietnam	Banking	https://www.cimbbank.com.vn/
Indovina Bank	Banking	https://www.indovinabank.com.vn/
SSI Securities	Securities	https://www.ssi.com.vn/
VNDirect	Securities	https://www.vndirect.com.vn/
HSC	Securities	https://www.hsc.com.vn/
Vietcap	Securities	https://www.vietcap.com.vn/
VPS Securities	Securities	https://www.vps.com.vn/
TCBS	Securities	https://www.tcbs.com.vn/
MBS	Securities	https://www.mbs.com.vn/
FPTS	Securities	https://www.fpts.com.vn/
Mirae Asset Securities Vietnam	Securities	https://masvn.com/
KIS Vietnam Securities	Securities	https://kisvn.vn/
Bao Viet	Insurance	https://www.baoviet.com.vn/
Prudential Vietnam	Insurance	https://www.prudential.com.vn/
Manulife Vietnam	Insurance	https://www.manulife.com.vn/
AIA Vietnam	Insurance	https://www.aia.com.vn/
Dai-ichi Life Vietnam	Insurance	https://dai-ichi-life.com.vn/
Sun Life Vietnam	Insurance	https://www.sunlife.com.vn/
Generali Vietnam	Insurance	https://generali.vn/
Chubb Life Vietnam	Insurance	https://www.chubb.com/vn-vn/
FWD Vietnam	Insurance	https://www.fwd.com.vn/
Hanwha Life Vietnam	Insurance	https://www.hanwhalife.com.vn/
Home Credit Vietnam	Consumer Finance	https://www.homecredit.vn/
FE Credit	Consumer Finance	https://fecredit.com.vn/
HD SAISON	Consumer Finance	https://www.hdsaison.com.vn/
Mcredit	Consumer Finance	https://mcredit.com.vn/
F88	Consumer Finance	https://f88.vn/
VNPay	Fintech	https://vnpay.vn/
ZaloPay	Fintech	https://zalopay.vn/
Payoo	Fintech	https://www.payoo.vn/
MISA	Technology	https://www.misa.vn/
CMC Corporation	Technology	https://www.cmc.com.vn/
TMA Solutions	Technology	https://www.tmasolutions.com/
KMS Technology	Technology	https://kms-technology.com/
NashTech	Technology	https://www.nashtechglobal.com/
Rikkeisoft	Technology	https://rikkeisoft.com/
Sotatek	Technology	https://www.sotatek.com/
NTQ Solution	Technology	https://ntq.com.vn/
SmartOSC	Technology	https://www.smartosc.com/
Orient Software	Technology	https://www.orientsoftware.com/
Saigon Technology	Technology	https://saigontechnology.com/
Axon Active Vietnam	Technology	https://www.axonactive.com/
LogiGear	Technology	https://www.logigear.com/
GCS Vietnam	Technology	https://www.globalcybersoft.com/
Haravan	Technology	https://www.haravan.com/
Sapo	Technology	https://www.sapo.vn/
KiotViet	Technology	https://www.kiotviet.vn/
Base.vn	Technology	https://base.vn/
Appota	Technology	https://appota.com/
Amanotes	Technology	https://www.amanotes.com/
Sky Mavis	Technology	https://skymavis.com/
One Mount	Technology	https://onemount.com/
Be Group	Technology & Mobility	https://be.com.vn/
VCCorp	Technology	https://vccorp.vn/
VNP Group	Technology	https://vnpgroup.vn/
VTC Intecom	Technology	https://vtcintecom.vn/
VNPT	Telecommunications	https://vnpt.com.vn/
MobiFone	Telecommunications	https://www.mobifone.vn/
Vietnamobile	Telecommunications	https://www.vietnamobile.com.vn/
Vinamilk	FMCG	https://www.vinamilk.com.vn/
Masan Group	Conglomerate	https://www.masangroup.com/
SABECO	FMCG	https://www.sabeco.com.vn/
HABECO	FMCG	https://www.habeco.com.vn/
KIDO Group	FMCG	https://www.kdc.vn/
Bibica	FMCG	https://www.bibica.com.vn/
Nutifood	FMCG	https://nutifood.com.vn/
Vinacafé Biên Hòa	FMCG	https://www.vinacafebienhoa.com/
Trung Nguyên Legend	FMCG	https://trungnguyenlegend.com/
Ajinomoto Vietnam	FMCG	https://www.ajinomoto.com.vn/
Acecook Vietnam	FMCG	https://acecookvietnam.vn/
Vedan Vietnam	FMCG	https://vedan.com.vn/
Orion Vietnam	FMCG	https://orion.vn/
Mondelez Kinh Do	FMCG	https://www.mondelezinternational.com/vietnam/
Heineken Vietnam	FMCG	https://heineken-vietnam.com.vn/
Carlsberg Vietnam	FMCG	https://carlsbergvietnam.vn/
Suntory PepsiCo Vietnam Beverage	FMCG	https://www.suntorypepsico.vn/
Coca-Cola Vietnam	FMCG	https://www.coca-cola.com/vn/vi
FrieslandCampina Vietnam	FMCG	https://www.frieslandcampina.com/
CJ Foods Vietnam	FMCG	https://cjfoods.com.vn/
VISSAN	Food & Agriculture	https://www.vissan.com.vn/
C.P. Vietnam	Food & Agriculture	https://www.cp.com.vn/
De Heus Vietnam	Food & Agriculture	https://www.deheus.com.vn/
Cargill Vietnam	Food & Agriculture	https://www.cargill.com.vn/
GreenFeed Vietnam	Food & Agriculture	https://www.greenfeed.com.vn/
Dabaco	Food & Agriculture	https://www.dabaco.com.vn/
PAN Group	Food & Agriculture	https://thepangroup.vn/
Lộc Trời Group	Food & Agriculture	https://www.loctroi.vn/
Vĩnh Hoàn	Food & Agriculture	https://www.vinhhoan.com/
Minh Phú Seafood	Food & Agriculture	https://minhphu.com/
Thế Giới Di Động	Retail	https://mwg.vn/
FPT Retail	Retail	https://frt.vn/
Saigon Co.op	Retail	https://saigonco-op.com.vn/
MM Mega Market Vietnam	Retail	https://mmvietnam.com/
Lotte Mart Vietnam	Retail	https://lottemart.com.vn/
Circle K Vietnam	Retail	https://www.circlek.com.vn/
FamilyMart Vietnam	Retail	https://famima.vn/
7-Eleven Vietnam	Retail	https://7-eleven.vn/
GS25 Vietnam	Retail	https://gs25.com.vn/
Guardian Vietnam	Retail	https://www.guardian.com.vn/
Hasaki	Retail	https://hasaki.vn/
PNJ	Retail	https://www.pnj.com.vn/
DOJI	Retail	https://doji.vn/
SJC	Retail	https://sjc.com.vn/
Phú Quý	Retail	https://phuquy.com.vn/
Fahasa	Retail	https://www.fahasa.com/
Pharmacity	Retail	https://www.pharmacity.vn/
An Khang Pharmacy	Retail	https://www.nhathuocankhang.com/
Golden Gate Group	Food Services	https://ggg.com.vn/
Highlands Coffee	Food Services	https://www.highlandscoffee.com.vn/
Phúc Long	Food Services	https://phuclong.com.vn/
The Coffee House	Food Services	https://thecoffeehouse.com/
Trung Nguyên E-Coffee	Food Services	https://trungnguyenecoffee.com/
KFC Vietnam	Food Services	https://kfcvietnam.com.vn/
Lotteria Vietnam	Food Services	https://www.lotteria.vn/
Jollibee Vietnam	Food Services	https://jollibee.com.vn/
Pizza Hut Vietnam	Food Services	https://pizzahut.vn/
Pizza 4P's	Food Services	https://pizza4ps.com/
THACO	Manufacturing	https://thacogroup.vn/
TC Group	Manufacturing	https://thanhcong.vn/
Toyota Vietnam	Manufacturing	https://www.toyota.com.vn/
Honda Vietnam	Manufacturing	https://www.honda.com.vn/
Ford Vietnam	Manufacturing	https://www.ford.com.vn/
Yamaha Motor Vietnam	Manufacturing	https://yamaha-motor.com.vn/
Piaggio Vietnam	Manufacturing	https://www.piaggio.com/vn_VI/
Mitsubishi Motors Vietnam	Manufacturing	https://www.mitsubishi-motors.com.vn/
Isuzu Vietnam	Manufacturing	https://isuzu-vietnam.com/
Mercedes-Benz Vietnam	Manufacturing	https://www.mercedes-benz.com.vn/
Daikin Vietnam	Manufacturing	https://www.daikin.com.vn/
Panasonic Vietnam	Electronics	https://www.panasonic.com/vn/
LG Electronics Vietnam	Electronics	https://www.lg.com/vn/
Canon Vietnam	Electronics	https://www.canon.com.vn/
Brother Vietnam	Electronics	https://www.brother.com.vn/
Epson Vietnam	Electronics	https://www.epson.com.vn/
ABB Vietnam	Industrial Automation	https://new.abb.com/vn
Siemens Vietnam	Industrial Automation	https://www.siemens.com/vn/en.html
GELEX	Manufacturing	https://gelex.vn/
Hoa Sen Group	Manufacturing	https://hoasengroup.vn/
Nam Kim Steel	Manufacturing	https://namkimgroup.vn/
Nhựa Bình Minh	Manufacturing	https://www.binhminhplastic.com.vn/
Nhựa Tiền Phong	Manufacturing	https://nhuatienphong.vn/
Rạng Đông	Manufacturing	https://rangdong.com.vn/
Điện Quang	Manufacturing	https://dienquang.com/
Casumina	Manufacturing	https://www.casumina.com/
DRC	Manufacturing	https://drc.com.vn/
Coteccons	Construction	https://www.coteccons.vn/
Hòa Bình Construction	Construction	https://hbcg.vn/
Ricons	Construction	https://www.ricons.vn/
Newtecons	Construction	https://newtecons.vn/
Central Construction	Construction	https://www.centralcons.vn/
Viglacera	Construction	https://www.viglacera.com.vn/
Eurowindow	Construction	https://eurowindow.biz/
Saint-Gobain Vietnam	Construction	https://www.saint-gobain.com.vn/
Sika Vietnam	Construction	https://vnm.sika.com/
Nippon Paint Vietnam	Construction	https://nipponpaint.com.vn/
Jotun Vietnam	Construction	https://www.jotun.com/vn-vi/
AkzoNobel Vietnam	Construction	https://www.akzonobel.com/
Petrolimex	Energy	https://www.petrolimex.com.vn/
PV GAS	Energy	https://www.pvgas.com.vn/
PV Power	Energy	https://pvpower.vn/
BSR	Energy	https://bsr.com.vn/
EVN	Energy	https://www.evn.com.vn/
REE Corporation	Energy	https://www.reecorp.com/
Gemadept	Logistics	https://www.gemadept.com.vn/
Transimex	Logistics	https://transimex.com.vn/
SOTRANS	Logistics	https://sotrans.com.vn/
Saigon Newport	Logistics	https://saigonnewport.com.vn/
VIMC	Logistics	https://vimc.co/
Vietnam Post	Logistics	https://vnpost.vn/
Viettel Post	Logistics	https://viettelpost.com.vn/
Giao Hàng Nhanh	Logistics	https://ghn.vn/
Giao Hàng Tiết Kiệm	Logistics	https://giaohangtietkiem.vn/
J&T Express Vietnam	Logistics	https://jtexpress.vn/
BEST Express Vietnam	Logistics	https://best-inc.vn/
Vietravel	Travel & Hospitality	https://www.vietravel.com/
Saigontourist Group	Travel & Hospitality	https://saigontourist.com.vn/
Ben Thanh Tourist	Travel & Hospitality	https://benthanhtourist.com/
Mường Thanh Group	Travel & Hospitality	https://muongthanh.com/
Sun Group	Travel & Hospitality	https://sungroup.com.vn/
DOHG	Travel & Hospitality	https://dohg.com.vn/
ILA Vietnam	Education	https://ila.edu.vn/
VUS	Education	https://vus.edu.vn/
Apollo English	Education	https://apollo.edu.vn/
British University Vietnam	Education	https://www.buv.edu.vn/
Fulbright University Vietnam	Education	https://fulbright.edu.vn/
YOLA	Education	https://yola.vn/
Tâm Anh Hospital	Healthcare	https://tamanhhospital.vn/
Hoàn Mỹ Medical Group	Healthcare	https://hoanmy.com/
Medlatec	Healthcare	https://medlatec.vn/
DHG Pharma	Pharmaceuticals	https://dhgpharma.com.vn/
Traphaco	Pharmaceuticals	https://traphaco.com.vn/
Imexpharm	Pharmaceuticals	https://www.imexpharm.com/
Pymepharco	Pharmaceuticals	https://pymepharco.com/
Sanofi Vietnam	Pharmaceuticals	https://www.sanofi.com/vi/vietnam
DKSH Vietnam	Distribution	https://www.dksh.com/vn-en/home
Zuellig Pharma	Distribution	https://www.zuelligpharma.com/
